{
  "version": "2020.2",
  "applications": [],
  "platforms": [
    {
      "name": "vga_platforma"
    }
  ],
  "systems": [
    {
      "name": "vga_app_system",
      "platform": "D:/CevuAMS/vga_platforma/export/vga_platforma/vga_platforma.xpfm",
      "sysConfig": "vga_platforma",
      "buildConfig": "Debug",
      "applications": [
        {
          "name": "vga_app",
          "platform": "D:/CevuAMS/vga_platforma/export/vga_platforma/vga_platforma.xpfm",
          "platformPath": "D:\\CevuAMS\\vga_platforma\\export\\vga_platforma",
          "sysConfig": "vga_platforma",
          "domain": "standalone_domain",
          "system": "vga_app_system"
        }
      ],
      "platformPath": "D:\\CevuAMS\\vga_platforma\\export\\vga_platforma"
    }
  ],
  "others": []
}