<?xml version="1.0" encoding="UTF-8"?>
<Root VersionMajor="1" VersionMinor="15">
  <GenAppInfo Name="Vivado" Version="2020.2" CL="3064766" TimeStamp="Tue Jun 11 15:20:16 2024"/>
  <DSA Vendor="xilinx" BoardId="zybo" Name="" VersionMajor="0" VersionMinor="0" Description="Vivado generated Hardware Platform" FeatureRomTimestamp="0" DcpLogicFunctionStripped="false" DcpEncrypt="false" Unified="true" Fixed="true" DefaultOutputType="hw_export">
    <Build UsesPR="false" PlatformState="pre_synth" AcceleratorBinaryContent="bitstream" ValidBinaryContentValues="dcp,bitstream" TopModuleName="VGA_BRAM_controller_wrapper"/>
    <Board Name="digilentinc.com:zybo:1.0" Vendor="digilentinc.com" Part="xc7z010clg400-1" BoardPart="digilentinc.com:zybo:part0:1.0">
      <Images>
        <Img Type="HDPI" File=""/>
        <Img Type="MDPI" File=""/>
        <Img Type="LDPI" File=""/>
      </Images>
    </Board>
    <Devices>
      <Device Name="fpga0" Type="8" FpgaDevice="zynq:xc7z010:clg400:-1">
        <Core Name="OCL_REGION_0" Type="clc_region" ComputeUnits="60"/>
      </Device>
    </Devices>
    <Files>
      <File Type="FULL_BIT" Name="van_gogh_leds_sine_saw_wrapper.bit"/>
    </Files>
  </DSA>
</Root>
